Unique ID,Brand,Model,Case Size,Case Material,Dial,Reference Number,Movement,Bezel,Bezel Colour,Bezel Numbers,Complication ID,Bracelet ID,Closing Mechanism,Closing Mechanism Material,Price,Hour Markers,Hour Marker Colour,Style,Exclusivity,Edition,Image Table
RLX/DJ/36/WTT/PRP,Rolex,Datejust,36,White Two-Tone,Purple,126234,Calibre 3235,Jubilee,White Gold,,,,Folding Clasp,White Two-Tone,$11 750,Roman Numerals ; Indices,White Gold ; Diamond,Dress,Low,,
RLX/DJ/36/YTT/OLVGRN,Rolex,Datejust,36,Yellow Two-Tone,Olive Green,126233,Calibre 3235,Jubilee,Yellow Gold,,,,Folding Clasp,Yellow Two-Tone,$16 200,Roman Numerals ; Indices,Yellow Gold ; Diamond,Dress,Low,,
RLX/DJ/36/YTT/SIL,Rolex,Datejust,36,Yellow Two-Tone,Silver,126333,Calibre 3235,Jubilee,Yellow Gold,,,,Folding Clasp,Yellow Two-Tone,$16 200,Roman Numerals ; Indices,Yellow Gold ; Diamond,Dress,Low,,
RLX/DJ/36/YTT/WHT,Rolex,Datejust,36,Yellow Two-Tone,White,126333,Calibre 3235,Jubilee,Yellow Gold,,,,Folding Clasp,Yellow Two-Tone,$13 700,Roman Numerals ; Indices,Yellow Gold,Dress,Low,,
RLX/DJ/36/RTT/WHT,Rolex,Datejust,36,Rose Two-Tone,White,126231,Calibre 3235,Jubilee,Rose Gold,,,,Folding Clasp,Rose Two-Tone,$14 200,Roman Numerals ,Rose Gold,Dress,Low,,
RLX/DJ/36/RTT/GRY,Rolex,Datejust,36,Rose Two-Tone,Gray,126231,Calibre 3235,Jubilee,Rose Gold,,,,Folding Clasp,Rose Two-Tone,$16 700,Roman Numerals ; Indices,Rose Gold ; Diamond,Dress,Low,,
RLX/DJ/36/RTT/BLK,Rolex,Datejust,36,Rose Two-Tone,Black,126231,Calibre 3235,Jubilee,Rose Gold,,,,Folding Clasp,Rose Two-Tone,$16 200,Diamond,Diamond,Dress,Low,,
RLX/DJ/40/WTT/41/BLU,Rolex,Datejust,41,White Two-Tone,Blue,126334,Calibre 3235,Jubilee,White Gold,,,,Folding Clasp,White Two-Tone,$10 800,Roman Numerals,White Gold,Dress,Low,,
RLX/DJ/41/GRN,Rolex,Datejust,41,White Two-Tone,Mint Green,126334,Calibre 3235,Jubilee,White Gold,,,,Folding Clasp,White Two-Tone,$10 800,Indices,White Gold,Dress,Low,,
RLX/DJ/41/WHT/ROM,Rolex,Datejust,41,White Two-Tone,White,126334,Calibre 3235,Jubilee,White Gold,,,,Folding Clasp,White Two-Tone,$10 800,Roman Numerals,White Gold,Dress,Low,,
RLX/DJ/41/WHT/IND,Rolex,Datejust,41,White Two-Tone,White,126334,Calibre 3235,Jubilee,White Gold,,,,Folding Clasp,White Two-Tone,$10 800,Indices,White Gold,Dress,Low,,
RLX/DJ/41/BLK,Rolex,Datejust,41,White Two-Tone,Black,126334,Calibre 3235,Jubilee,White Gold,,,,Folding Clasp,White Two-Tone,$12 800,Diamond,Diamond,Dress,Low,,
RLX/DJ/41/YTT/WHT,Rolex,Datejust,41,Yellow Two-Tone,White,126333,Calibre 3235,Jubilee,Yellow Gold,,,,Folding Clasp,Yellow Two-Tone,$15 550,Indices,White Gold,Dress,Low,,
RLX/DJ/41/YTT/BLK,Rolex,Datejust,41,Yellow Two-Tone,Black,126333,Calibre 3235,Jubilee,Yellow Gold,,,,Folding Clasp,Yellow Two-Tone,$17 550,Diamond,Diamond,Dress,Low,,
RLX/DJ/41/SUN/IND,Rolex,Datejust,41,Rose Two-Tone,Sundust,126331,Calibre 3235,Jubilee,Rose Gold,,,,Folding Clasp,Rose Two-Tone,$15 950,Indices,White Gold,Dress,Low,,
RLX/DJ/41/SUN/DIA,Rolex,Datejust,41,Rose Two-Tone,Sundust,126331,Calibre 3235,Jubilee,Rose Gold,,,,Folding Clasp,Rose Two-Tone,$17 950,Diamond,Diamond,Dress,Low,,
RLX/SUB/ST/BLK,Rolex,Submariner,41,Stainless Steel,Black,126610LV,Calibre 3230,Dive,Green,Silver,,,Folding Clasp,Stainless Steel,$11 000,Indices,White,dive,Low,,
RLX/SUB/YTT/BLU,Rolex,Submariner,41,Yellow Two-Tone,Blue,126613LB,Calibre 3230,Dive,Blue,Yellow Gold,,,Folding Clasp,Yellow Two Tone,$17 000,Indices,White,dive,Low-Medium,,
RLX/SUB/WG/BLU,Rolex,Submariner,41,White Gold,Black,126619LB,Calibre 3230,Dive,Blue,White Gold,,,Folding Clasp,White Gold,$46 600,Indices,White,dive,Medium,,
RLX/GMT/ST/J/BLUBLK,Rolex,GMT Master II,40,Stainless Steel,Black,126710BLNR,Calibre 3285,Rotating ; Jubilee,Blue ; Black,Stainless Steel,,,Folding Clasp,Stainless Steel,$11 000,Indices,White,Sport,Low-Medium,,
RLX/GMT/ST/J/GRYBLK,Rolex,GMT Master II,40,Stainless Steel,Black,126710GRNR,Calibre 3285,Rotating ; Jubilee,Gray ; Black,Stainless Steel,,,Folding Clasp,Stainless Steel,$11 000,Indices,White,Sport,Low-Medium,,
RLX/GMT/YTT/J/GRYBLK,Rolex,GMT Master II,40,Yellow Two-Tone,Black,126713GRNR,Calibre 3285,Rotating ; Jubilee,Gray ; Black,Yellow Two-Tone,,,Folding Clasp,Yellow Two-Tone,$17 850,Indices,White,Sport,Medium,,
RLX/GMT/RTT/O/CHOBLK,Rolex,GMT Master II,40,Rose Two-Tone,Black,126711CHNR,Calibre 3285,Rotating ; Jubilee,Chocolate ; Black,Rose Two-Tone,,,Folding Clasp,Rose Two-Tone,$17 500,Indices,White,Sport,Low-Medium,,
RLX/GMT/YG/J/GRYBLK,Rolex,GMT Master II,40,Yellow Gold,Black,126718GRNR,Calibre 3285,Rotating ; Jubilee,Gray ; Black,Yellow Gold,,,Folding Clasp,Yellow Gold,$43 400,Indices,White,Sport,Medium,,
RLX/GMT/RG/O/CHOBLK,Rolex,GMT Master II,40,Rose Gold,Black,126715CHNR,Calibre 3285,Rotating ; Jubilee,Chocolate ; Black,Rose Gold,,,Folding Clasp,Rose Gold,$45 200,Indices,White,Sport,Medium,,
RLX/DD/36/YG/GRNOMB,Rolex,Daydate,36,Yellow Gold,Green Ombre,128238,Calibre 3255,Jubilee,Yellow Gold,,,,Folding Clasp,Yellow Gold,$42 050,Diamond,Diamond,Dress,Medium,,
RLX/DD/36/YG/DIA,Rolex,Daydate,36,Yellow Gold,Diamond,128238,Calibre 3255,Jubilee,Yellow Gold,,,,Folding Clasp,Yellow Gold,$69 800,Diamond,Diamond ; Rainbow,Dress,High,,
RLX/DD/36/WG/BLUOMB,Rolex,Daydate,36,White Gold,Blue Ombre,128239,Calibre 3255,Jubilee,White Gold,,,,Folding Clasp,White Gold,$45 350,Diamond,Diamond,Dress,Medium,,
RLX/DD/36/WG/PNK,Rolex,Daydate,36,White Gold,Pink,128239,Calibre 3255,Jubilee,White Gold,,,,Folding Clasp,White Gold,$46 800,Diamond,Diamond,Dress,Medium,,
RLX/DD/36/RG/SLT,Rolex,Daydate,36,Rose Gold,Slate,128235,Calibre 3255,Jubilee,Rose Gold,,,,Folding Clasp,Rose Gold,$45 350,Diamond,Diamond,Dress,Medium,,
RLX/DD/36/RG/TRQ,Rolex,Daydate,36,Rose Gold,Turquoise,128235,Calibre 3255,Jubilee,Rose Gold,,,,Folding Clasp,Rose Gold,$54 600,Diamond,Diamond,Dress,Medium,,
RLX/DD/36/RG/BLUGRN,Rolex,Daydate,36,Rose Gold,Blue Green,128235,Calibre 3255,Jubilee,Rose Gold,,,,Folding Clasp,Rose Gold,$46 800,Diamond,Diamond,Dress,Medium,,
RLX/DD/40/WG/BLUOM,Rolex,Daydate,40,White Gold,Blue Ombre,228239,Calibre 3255,Jubilee,White Gold,,,,Folding Clasp,White Gold,$46 300,Roman Numerals,White Gold,Dress,Medium,,
RLX/DD/40/OLVGRN,Rolex,Daydate,40,White Gold,Olive Green,228239,Calibre 3255,Jubilee,White Gold,,,,Folding Clasp,White Gold,$46 300,Roman Numerals,White Gold,Dress,Medium,,
RLX/DD/40/WG/DIA,Rolex,Daydate,40,White Gold,Diamond,228239,Calibre 3255,Jubilee,White Gold,,,,Folding Clasp,White Gold,$69 400,Diamond ; Sapphires,Diamond ; Sapphires,Dress,Medium,,
RLX/DD/40/YG/GRNOMB,Rolex,Daydate,40,Yellow Gold,Green Ombre,228238,Calibre 3255,Jubilee,Yellow Gold,,,,Folding Clasp,Yellow Gold,$43 000,Roman Numerals,Yellow Gold,Dress,Medium,,
RLX/DD/40/RG/SLTOMB,Rolex,Daydate,40,Rose Gold,Slate Ombre,228235,Calibre 3255,Jubilee,Rose Gold,,,,Folding Clasp,Rose Gold,$46 300,Roman Numerals,Rose Gold,Dress,Medium,,
RLX/DD/40/PLT/ICE,Rolex,Daydate,40,Platinum,Ice Blue,228236,Calibre 3255,Jubilee,Platinum,,,,Folding Clasp,Platinum,$68 500,Diamond,Diamond,Dress,High,,
RLX/DTNA/ST/WHT,Rolex,Daytona,40,Stainless Steel,White ; Black,126500LN,Calibre 4131,Tachymetre,Black,White Gold,,,Folding Clasp,Stainless Steel,$15 550,Indices,White Gold ; White,Sport,High,,
RLX/DTNA/ST/BLK,Rolex,Daytona,40,Stainless Steel,Black ; Black,126500LN,Calibre 4131,Tachymetre,Black,White Gold,,,Folding Clasp,Stainless Steel,$15 550,Indices,White Gold ; White,Sport,High,,
RLX/DTNA/YTT/WHTCHM,Rolex,Daytona,40,Yellow Two-Tone,White,126503,Calibre 4131,Tachymetre,Yellow Gold,Black,,,Folding Clasp,Yellow Two-Tone,$21 400,Indices,Yellow Gold ; White,Sport,Medium,,
RLX/DTNA/YTT/BLKCHM,Rolex,Daytona,40,Yellow Two-Tone,Black,126503,Calibre 4131,Tachymetre,Yellow Gold,Black,,,Folding Clasp,Yellow Two-Tone,$21 400,Indices,Yellow Gold ; White,Sport,Medium,,
RLX/DTNA/WG/SIL,Rolex,Daytona,40,White Gold,Silver,126509,Calibre 4131,Tachymetre,White Gold,Black,,,Folding Clasp,White Gold,$50 500,Indices,White Gold ; White,Sport,Medium-High,,
RLX/DTNA/WG/SIL/C,Rolex,Daytona,40,White Gold,Silver,126519LN,Calibre 4131,Tachymetre,Black,White Gold,,,Folding Clasp,White Gold,$38 100,Indices,White Gold ; White,Sport,Medium-High,,
RLX/DTNA/WG/BLK.DIA,Rolex,Daytona,40,White Gold,Black,126509,Calibre 4131,Tachymetre,White Gold,Black,,,Folding Clasp,White Gold,$52 500,Diamond,Diamond,Sport,Medium-High,,
RLX/DTNA/WG/BLK.DIA/C,Rolex,Daytona,40,White Gold,Black,126519LN,Calibre 4131,Tachymetre,Black,White Gold,,,Folding Clasp,White Gold,$40 100,Diamond,Diamond,Sport,Medium-High,,
RLX/DTNA/YG/CHMBLK.OUT,Rolex,Daytona,40,Yellow Gold,Champagne,126508,Calibre 4131,Tachymetre,Yellow Gold,Black,,,Folding Clasp,Yellow Gold,$47 000,Indices,Yellow Gold ; White,Sport,Medium-High,,
RLX/DTNA/YG/CHMBLK.OUT/C,Rolex,Daytona,40,Yellow Gold,Champagne,126518LN,Calibre 4131,Tachymetre,Black,Yellow Gold,,,Folding Clasp,Yellow Gold,$36 400,Indices,Yellow Gold ; White,Sport,Medium-High,,
RLX/DTNA/YG/CHMBLK.FULL,Rolex,Daytona,40,Yellow Gold,Champagne,126508,Calibre 4131,Tachymetre,Yellow Gold,Black,,,Folding Clasp,Yellow Gold,$47 000,Indices,Yellow Gold ; White,Sport,Medium-High,,
RLX/DTNA/YG/CHMBLK.FULL/C,Rolex,Daytona,40,Yellow Gold,Champagne,126518LN,Calibre 4131,Tachymetre,Black,Yellow Gold,,,Folding Clasp,Yellow Gold,$36 400,Indices,Yellow Gold ; White,Sport,Medium-High,,
RLX/DTNA/YG/WHTCHM,Rolex,Daytona,40,Yellow Gold,White,126508,Calibre 4131,Tachymetre,Yellow Gold,Black,,,Folding Clasp,Yellow Gold,$47 000,Indices,Yellow Gold ; White,Sport,Medium-High,,
RLX/DTNA/YG/WHTCHM/C,Rolex,Daytona,40,Yellow Gold,White,126518LN,Calibre 4131,Tachymetre,Black,Yellow Gold,,,Folding Clasp,Yellow Gold,$36 400,Indices,Yellow Gold ; White,Sport,Medium-High,,
RLX/DTNA/YG/BLK.DIA,Rolex,Daytona,40,Yellow Gold,Black,126508,Calibre 4131,Tachymetre,Yellow Gold,Black,,,Folding Clasp,Yellow Gold,$49 000,Diamond,Diamond,Sport,Medium-High,,
RLX/DTNA/YG/BLK.DIA/C,Rolex,Daytona,40,Yellow Gold,Black,126518LN,Calibre 4131,Tachymetre,Black,Yellow Gold,,,Folding Clasp,Yellow Gold,$38 400,Diamond,Diamond,Sport,Medium-High,,
RLX/DTNA/RG/SUN,Rolex,Daytona,40,Rose Gold,Sundust,126505,Calibre 4131,Tachymetre,Rose Gold,Black,,,Folding Clasp,Rose Gold,$50 500,Indices,Rose Gold ; White,Sport,High,,
RLX/DTNA/RG/SUN/C,Rolex,Daytona,40,Rose Gold,Sundust,126515LN,Calibre 4131,Tachymetre,Black,Rose Gold,,,Folding Clasp,Rose Gold,$38 100,Indices,Rose Gold ; White,Sport,High,,
RLX/DTNA/RG/BLK.DIA,Rolex,Daytona,40,Rose Gold,Black,126505,Calibre 4131,Tachymetre,Rose Gold,Black,,,Folding Clasp,Rose Gold,$52 500,Diamond,Diamond,Sport,High,,
RLX/DTNA/RG/BLK.DIA/C,Rolex,Daytona,40,Rose Gold,Black,126515LN,Calibre 4131,Tachymetre,Black,Rose Gold,,,Folding Clasp,Rose Gold,$40 100,Diamond,Diamond,Sport,High,,
RLX/DTNA/PLT/ICE.DIA,Rolex,Daytona,40,Platinum,Ice Blue,126506,Calibre 4131,Tachymetre,Chocolate,Platinum,,,Folding Clasp,Platinum,$84 900,Diamond,Diamond,Sport,VIP,,
RLX/OP/41/GRN,Rolex,Oyster Perpetual,41,Stainless Steel,Green,124300,Calibre 3230,,Stainless Steel,,,,Folding Clasp,Stainless Steel,$6 500,Indices,White Gold ; White,Casual,Low,,
RLX/AK,Rolex,Air King,40,Stainless Steel,Black,126900,Calibre 3230,,Stainless Steel,,,,Folding Clasp,Stainless Steel,$7 550,Arabic Numerals,White,Dress,Low,,
RLX/YM/40/RLS/SLT,Rolex,Yachtmaster,40,White Gold ; Platinum,Silver,126622,Calibre 3235,Dive,Platinum,Platinum,,,Folding Clasp,Platinum,$12 400,Indices,Platinum ; White,dive,Low,,
RLX/YM/40/RG/BLK,Rolex,Yachtmaster,40,Rose Gold,Black,126655,Calibre 3235,Dive,Rose Gold,Rose Gold,,,Folding Clasp,Rose Gold,$32 100,Indices,Rose Gold ; White,dive,Medium,,
RLX/YM/40/RTT/BLK,Rolex,Yachtmaster,40,Rose Two-Tone,Black,126621,Calibre 3235,Dive,Rose Gold,Rose Gold,,,Folding Clasp,Rose Gold,$17 200,Indices,Rose Gold ; White,dive,Low-Medium,,
RLX/YM/40/CHO,Rolex,Yachtmaster,40,Rose Two-Tone,Chocolate,126621,Calibre 3235,Dive,Rose Gold,Rose Gold,,,Folding Clasp,Rose Gold,$17 200,Indices,Rose Gold ; White,dive,Low-Medium,,
RLX/YM/42/YG/BLK,Rolex,Yachtmaster,42,Yellow Gold,Black,226658,Calibre 3235,Dive,Gray ; Black,Gray ; Black,,,Folding Clasp,Gray ; Black,$32 400,Indices,Yellow Gold ; White,dive,Medium,,
RLX/SKY/WTT/WHT,Rolex,Skydweller,42,White Two-Tone,White,336934,Calibre 9002,Jubilee,White Gold,,,,Folding Clasp,White Gold,$16 400,Indices,White Gold ; White,Sport,Low-Medium,,
RLX/SKY/WTT/BLK,Rolex,Skydweller,42,White Two-Tone,Black,336934,Calibre 9002,Jubilee,White Gold,,,,Folding Clasp,White Gold,$16 400,Indices,White Gold ; White,Sport,Low-Medium,,
RLX/SKY/WTT/GRN,Rolex,Skydweller,42,White Two-Tone,Green,336934,Calibre 9002,Jubilee,White Gold,,,,Folding Clasp,White Gold,$16 400,Indices,White Gold ; White,Sport,Low-Medium,,
RLX/SKY/WTT/BLU,Rolex,Skydweller,42,White Two-Tone,Blue,336934,Calibre 9002,Jubilee,White Gold,,,,Folding Clasp,White Gold,$16 400,Indices,White Gold ; White,Sport,Low-Medium,,
RLX/SKY/YTT/WHT,Rolex,Skydweller,42,Yellow Two-Tone,White,336933,Calibre 9002,Jubilee,Yellow Gold,,,,Folding Clasp,Yellow Gold,$21 500,Indices,Yellow Gold ; White,Sport,Low,,
RLX/SKY/YG/WHT,Rolex,Skydweller,42,Yellow Gold,White,336938,Calibre 9002,Jubilee,Yellow Gold,,,,Folding Clasp,Yellow Gold,$54 600,Indices,Yellow Gold ; White,Sport,Medium,,
RLX/SKY/YG/CHM,Rolex,Skydweller,42,Yellow Gold,Champagne,336938,Calibre 9002,Jubilee,Yellow Gold,,,,Folding Clasp,Yellow Gold,$54 600,Indices,Yellow Gold ; White,Sport,Medium,,
RLX/SKY/YG/BLK,Rolex,Skydweller,42,Yellow Gold,Black,336938,Calibre 9002,Jubilee,Yellow Gold,,,,Folding Clasp,Yellow Gold,$54 600,Indices,Yellow Gold ; White,Sport,Medium,,
RLX/SKY/RG/SLT,Rolex,Skydweller,42,Rose Gold,Slate,336935,Calibre 9002,Jubilee,Rose Gold,,,,Folding Clasp,Rose Gold,$57 800,Indices,Rose Gold ; White,Sport,Medium-High,,
RLX/SKY/RG/BLUGRN,Rolex,Skydweller,42,Rose Gold,Blue Green,336935,Calibre 9002,Jubilee,Rose Gold,,,,Folding Clasp,Rose Gold,$57 800,Indices,Rose Gold ; White,Sport,Medium-High,,
RLX/1908/YG/BLK,Rolex,1908,39,Yellow Gold,Black,52508,Calibre 7140,Smooth,Yellow Gold,,,,Folding Clasp,Yellow Gold,$24 500,Indices ; Arabic Numerals,Yellow Gold,Dress,High,,
RLX/1908/PLT/ICE/BLK,Rolex,1908,39,Platinum,Ice Blue,52506,Calibre 7140,Smooth,Platinum,,,,Folding Clasp,Platinum,$31 200,Indices ; Arabic Numerals,Platinum,Dress,VIP,,
AP/1159/41/BLUGRY,Audemars Piguet,11.59,41,Stainless Steel,Gray,15210ST.OO.A009KB.01,Calibre 4302,Smooth,Blue,White,,,Pinbuckle,Stainless Steel,$26 100,Indices,White Gold and White,Casual,Low,,
AP/1159/38/RG/BLU,Audemars Piguet,11.59,38,Rose Gold,Blue,77410OR.OO.A342CR.01,Calibre 5900,Smooth,Blue,White,,,Pinbuckle,Rose Gold,$34 200,Indices,Rose Gold and White,Casual,Low-Medium,,
AP/1159/41/RED,Audemars Piguet,11.59,41,White Gold,Red,15210BC.OO.A500KB.01,Calibre 4302,Smooth,Black,White,,,Pinbuckle,White Gold,Out Of Production,Indices ; Arabic Numerals,White Gold and White,Casual,Out of Production,,
AP/1159/41/SIL,Audemars Piguet,11.59,41,White Gold,Silver,15210CR.OO.A008KB.01,Calibre 4302,Smooth,White Gold,Black,,,Pinbuckle,White Gold,Out Of Production,Indices ; Arabic Numerals,Rose Gold and White,Casual,Out of Production,,
AP/1159/41/PRP,Audemars Piguet,11.59,41,Rose Gold,Purple,15210OR.OO.A616CR.01,Calibre 4302,Smooth,Black,White,,,Pinbuckle,Rose Gold,Out Of Production,Indices ; Arabic Numerals,Rose Gold and White,Casual,Out of Production,,
AP/1159.CHR/WG/BLU,Audemars Piguet,11.59 Chronograph,41,White Gold,Blue,26393BC.OO.A002KB.01,Calibre 4401,Smooth,Black,White,,,Pinbuckle,White Gold,Out Of Production,Indices ; Arabic Numerals,White Gold and White,Casual,Out Of Production,,
AP/1159.CHR/WG/BLK,Audemars Piguet,11.59 Chronograph,41,White Gold,Black,26393BC.OO.A002KB.02,Calibre 4401,Smooth,Black,White,,,Pinbuckle,White Gold,$85 600,Indices ; Arabic Numerals,White Gold and White,Casual,Medium-High,,
AP/1159.CHR/WG/GRY,Audemars Piguet,11.59 Chronograph,41,White Gold,Gray,26393CR.OO.A002KB.01,Calibre 4401,Smooth,Black,White,,,Pinbuckle,White Gold,$49 700,Indices ; Arabic Numerals,Rose Gold and White,Casual,Low-Medium,,
AP/1159.CHR/ST/BLUGRY,Audemars Piguet,11.59 Chronograph,41,Stainless Steel,Gray,26393QT.OO.A064KB.01,Calibre 4401,Smooth,Black,White,,,Pinbuckle,Stainless Steel,$38 500,Indices,White Gold and White,Casual,Low,,
AP/1159.CHR/GRYSMK,Audemars Piguet,11.59 Chronograph,41,Stainless Steel,Gray,26393ST.OO.A009KB.01,Calibre 4401,Smooth,Blue,White,,,Pinbuckle,Stainless Steel,$36 000,Indices,White Gold and White,Casual,Low,,
AP/1159.CHR/WG/BLU,Audemars Piguet,11.59 Chronograph,41,White Gold,Blue,26439NB.OO.A346KB.01,Calibre 4401,Smooth,Blue,White,,,Pinbuckle,White Gold,$85 600,Indices,White Gold and White,Casual,Medium-High,Special,
AP/1159.CHR/WG/RED,Audemars Piguet,11.59 Chronograph,41,White Gold,Red,26393BC.OO.A068CR.01,Calibre 4401,Smooth,Black,White,,,Pinbuckle,White Gold,Out Of Production,Indices ; Arabic Numerals,White Gold and White,Casual,Out Of Production,,
AP/1159.CHR/WG/SIL,Audemars Piguet,11.59 Chronograph,41,White Gold,Silver,26393CR.OO.A008KB.01,Calibre 4401,Smooth,Silver,Black,,,Pinbuckle,White Gold,Out Of Production,Indices ; Arabic Numerals,Rose Gold and White,Casual,Out Of Production,,
AP/1159.CHR/RG/PRP,Audemars Piguet,11.59 Chronograph,41,Rose Gold,Purple,26393OR.OO.A616CR.01,Calibre 4401,Smooth,Black,White,,,Pinbuckle,Rose Gold,Out Of Production,Indices ; Arabic Numerals,Rose Gold and White,Casual,Out Of Production,,
AP/1159/WG/STRWHL,Audemars Piguet,11.59 Starwheel,41,White Gold,Blue,15212NB.OO.A002KB.01-AB,Calibre 4310,Smooth,Black,White,,,Pinbuckle,White Gold,$59 600,Arabic Numerals,White and White Gold,Casual,Low-Medium,,
AP/RO.T/41/RG/GRY.SMTH,Audemars Piguet,Royal Oak Tourbillon,41,Rose Gold,Gray,26730OR.OO.1320OR.05,Calibre 2950,Smooth,Rose Gold,,,,Folding Clasp,Rose Gold,Price on Request,Indices,Rose Gold and White,Dress,High,,
AP/RO.T/41/WG/BLU,Audemars Piguet,Royal Oak Tourbillon,41,White Gold,Blue,26660BC.ZZ.1356BC.01,Calibre 2950,Smooth,Diamond,,,,Folding Clasp,White Gold,Price on Request,Indices,White Gold and White,Dress,High,,
AP/RO.T/37/ST/PRP,Audemars Piguet,Royal Oak Tourbillon,37,Stainless Steel,Purple,26660ST.OO.1356ST.02,Calibre 2950,Smooth,Stainless Steel,,,,Folding Clasp,Stainless Steel,Price on Request,Indices,White Gold and White,Dress,High,,
AP/RO.T/41/ST/PRP,Audemars Piguet,Royal Oak Tourbillon,41,Stainless Steel,Purple,26522ST.OO.1220ST.01,Calibre 2950,Smooth,Stainless Steel,,,,Folding Clasp,Stainless Steel,Out Of Production,Indices,White Gold and White,Dress,Out Of Production,,
AP/RO.T/41/RG/GRY.TAP,Audemars Piguet,Royal Oak Tourbillon,41,Rose Gold,Gray,26530OR.OO.1220OR.01,Calibre 2950,Smooth,Rose Gold,,,,Folding Clasp,Rose Gold,Out Of Production,Indices,Rose Gold and White,Dress,Out Of Production,,
AP/RO.T/RG/BLU,Audemars Piguet,Royal Oak Tourbillon,41,Rose Gold,Blue,26730OR.OO.1320OR.02,Calibre 2950,Smooth,Rose Gold,,,,Folding Clasp,Rose Gold,Out Of Production,Indices,Rose Gold and White,Dress,Out Of Production,,
AP/RO.OW.DBW/41/YG,Audemars Piguet,Royal Oak Openworked Double Balance Wheel,41,Yellow Gold,Black,15407BA.OO.1220BA.01,Calibre 3132,Smooth,Black,,,,Folding Clasp,Yellow Gold,$101 100,Indices,Yellow Gold and White,Dress,High,,
AP/RO.OW.DBW/41/ST/RG,Audemars Piguet,Royal Oak Openworked Double Balance Wheel,41,Stainless Steel,Rose Gold,15407ST.OO.1220ST.02,Calibre 3132,Smooth,Rose Gold,,,,Folding Clasp,Stainless Steel,$76 400,Indices,White Gold and White,Dress,High,,
AP/RO.OW.DBW/41/C.BLK/BLK,Audemars Piguet,Royal Oak Openworked Double Balance Wheel,41,Black ; Ceramic,Black,15416CE.OO.1225CE.01,Calibre 3133,Smooth,Black,,,,Folding Clasp,Black ; Ceramic,$101 100,Indices,Rose Gold and White,Dress,High,,
AP/RO.OW.DBW/41/C.BLK/RG,Audemars Piguet,Royal Oak Openworked Double Balance Wheel,41,Black ; Ceramic,Rose Gold,15416CE.OO.1225CE.02,Calibre 3134,Smooth,Rose Gold,,,,Folding Clasp,Black ; Ceramic,$101 100,Indices,Black and White,Dress,VIP,Limited 150,
AP/RO.OW.DBW/41/WG.F/SIL,Audemars Piguet,Royal Oak Openworked Double Balance Wheel,41,Frosted ; White Gold,Silver,15466BC.GG.1259BC.01,Calibre 3135,Smooth,Silver,,,,Folding Clasp,Frosted ; White Gold,$100 000,Indices,Rose Gold and White,Dress,High,,
AP/RO.OW.DBW/37/WG/SIL,Audemars Piguet,Royal Oak Openworked Double Balance Wheel,37,White Gold,Silver,15467BC.OO.1256BC.01,Calibre 3136,Smooth,Silver,,,,Folding Clasp,White Gold,$98 100,Indices,Rose Gold and White,Dress,High,,
AP/RO.OW.DBW/37/RG/RG,Audemars Piguet,Royal Oak Openworked Double Balance Wheel,37,Rose Gold,Rose Gold,15467OR.OO.1256OR.02,Calibre 3137,Smooth,Rose Gold,,,,Folding Clasp,Rose Gold,$98 100,Indices,White Gold and White,Dress,High,,
AP/RO.OW.DBW/41/WG.F/BLK,Audemars Piguet,Royal Oak Openworked Double Balance Wheel,41,Frosted ; White Gold,Black,15407BC.GG.1224BC.01,Calibre 3138,Smooth,Black,,,,Folding Clasp,Frosted ; White Gold,Out Of Production,Indices,Rose Gold and White,Dress,Out Of Production,,
AP/RO.OW.DBW/41/RG,Audemars Piguet,Royal Oak Openworked Double Balance Wheel,41,Rose Gold,Black,15407OR.OO.1220OR.01,Calibre 3139,Smooth,Black,,,,Folding Clasp,Rose Gold,Out Of Production,Indices,Rose Gold and White,Dress,Out Of Production,,
AP/RO.OW.DBW/41/ST/BLK,Audemars Piguet,Royal Oak Openworked Double Balance Wheel,41,Stainless Steel,Black,15407ST.OO.1220ST.01,Calibre 3140,Smooth,Black,,,,Folding Clasp,Stainless Steel,Out Of Production,Indices,Rose Gold and White,Dress,Out Of Production,,
AP/RO.OW.DBW/41/C.WHT,Audemars Piguet,Royal Oak Openworked Double Balance Wheel,41,White ; Ceramic,Silver,15416CB.OO.1225CB.01,Calibre 3141,Smooth,Silver,,,,Folding Clasp,White ; Ceramic,Out Of Production,Indices,White Gold and White,Dress,Out Of Production,Limited 30,
AP/RO.OW.JET/YG,Audemars Piguet,Royal Oak Openworked Jumbo Extra Thin,41,Yellow Gold,Yellow Gold,16204BA.OO.1240BA.01,Calibre 7124,Smooth,Yellow Gold,,,,Folding Clasp,Yellow Gold,Price on Request,Indices,White Gold and White,Dress,High,,
AP/RO.OW.JET/WG,Audemars Piguet,Royal Oak Openworked Jumbo Extra Thin,41,White Gold,Silver,16204BC.OO.1240BC.01,Calibre 7124,Smooth,Black,,,,Folding Clasp,Silver,Price on Request,Indices,White Gold and White,Dress,High,,
AP/RO.PC/C.BLU,Audemars Piguet,Royal Oak Perpetual Calendar,41,Blue ; Ceramic,Blue,26579CS.OO.1225CS.01,Calibre 5134,Smooth,Blue ; Ceramic,,,,Folding Clasp,Blue ; Ceramic,Price on Request,Indices,White Gold and White,Dress,Medium-High,,
AP/RO.PC/T/BLU,Audemars Piguet,Royal Oak Perpetual Calendar,41,Titanium,Blue,26585XT.OO.1220XT.01,Calibre 5135,Smooth,Titanium,,,,Folding Clasp,Titanium,Price on Request,Indices,White Gold and White,Dress,Medium-High,Limited 150,
AP/RO.PC/RG/SIL,Audemars Piguet,Royal Oak Perpetual Calendar,41,Rose Gold,Silver,26574OR.OO.1220OR.02,Calibre 5134,Smooth,Rose Gold,,,,Folding Clasp,Rose Gold,Out Of Production,Indices,Rose Gold and White,Dress,Out Of Production,,
AP/RO.PC/ST/BLU,Audemars Piguet,Royal Oak Perpetual Calendar,41,Stainless Steel,Blue,26574ST.OO.1220ST.02,Calibre 5134,Smooth,Stainless Steel,,,,Folding Clasp,Stainless Steel,Out Of Production,Indices,White Gold and White,Dress,Out Of Production,,
AP/RO.PC/C.WHT,Audemars Piguet,Royal Oak Perpetual Calendar,41,White ; Ceramic,Blue,26579CB.OO.1225CB.01,Calibre 5134,Smooth,White ; Ceramic,,,,Folding Clasp,White ; Ceramic,Out Of Production,Indices,White Gold and White,Dress,Out Of Production,,
AP/RO.CHR/41/C.BLK/BLK,Audemars Piguet,Royal Oak Chronograph,41,Black ; Ceramic,Black,26240CE.OO.1225CE.02,Calibre 4401,Smooth,Black,,,,Folding Clasp,Black ; Ceramic,$78 200,Indices,Rose Gold and White,Casual,Medium,,
AP/RO.CHO/41/RG/GRN,Audemars Piguet,Royal Oak Chronograph,41,Rose Gold,Green,26240OR.OO.1320OR.08,Calibre 4401,Smooth,Rose Gold,,,,Folding Clasp,Rose Gold,$78 200,Indices,Rose Gold and White,Casual,Medium,,
AP/RO.CHO/41/RG/BLU,Audemars Piguet,Royal Oak Chronograph,41,Rose Gold,Blue,26240OR.OO.1320OR.05,Calibre 4401,Smooth,Rose Gold,,,,Folding Clasp,Rose Gold,$78 200,Indices,Rose Gold and White,Casual,Medium,,
AP/RO.CHO/41/ST/BLU,Audemars Piguet,Royal Oak Chronograph,41,Stainless Steel,Blue,26240ST.OO.1320ST.05,Calibre 4401,Smooth,Stainless Steel,,,,Folding Clasp,Stainless Steel,$38 500,Indices,White Gold and White,Casual,Medium,,
AP/RO.CHO/41/ST/WHT,Audemars Piguet,Royal Oak Chronograph,41,Stainless Steel,White,26240ST.OO.1320ST.07,Calibre 4401,Smooth,Stainless Steel,,,,Folding Clasp,Stainless Steel,$38 500,Indices,White Gold and White,Casual,Medium,,
AP/RO.CHO/41/ST/BLK,Audemars Piguet,Royal Oak Chronograph,41,Stainless Steel,Black,26240ST.OO.1320ST.06,Calibre 4401,Smooth,Stainless Steel,,,,Folding Clasp,Stainless Steel,$38 500,Indices,White Gold and White,Casual,Medium,,
AP/RO.CHO/38/WG/BLUDIA,Audemars Piguet,Royal Oak Chronograph,38,White Gold,Blue,26715BC.ZZ.1356BC.01,Calibre 4401,Smooth,Diamond,,,,Folding Clasp,White Gold,Price on Request,Diamond,Diamond,Dress,High,,
AP/RO.CHO/38/RG/PRPAMY,Audemars Piguet,Royal Oak Chronograph,38,Rose Gold,Purple,26319OR.AY.1256OR.01,Calibre 4401,Smooth,Purple ; Amethyst,,,,Folding Clasp,Rose Gold,$95 900,Indices,Rose Gold and White,Dress,High,,
AP/RO.CHO/38/RG/BLKDIA,Audemars Piguet,Royal Oak Chronograph,38,Rose Gold,Black,26715OR.ZZ.1356OR.02,Calibre 4401,Smooth,Diamond,,,,Folding Clasp,Rose Gold,Price on Request,Indices,Diamond,Dress,High,,
AP/RO.CHO/41/WG/BLU,Audemars Piguet,Royal Oak Chronograph,41,White Gold,Blue,26239BC.OO.1220BC.01,Calibre 4401,Smooth,White Gold,,,,Folding Clasp,White Gold,Out of Production,Indices,White Gold and White,Casual,Out of Production,Limited 222,
AP/RO.CHO/41/RG/BLU.RG,Audemars Piguet,Royal Oak Chronograph,41,Rose Gold,Blue,26239OR.OO.1220OR.01,Calibre 4401,Smooth,Rose Gold,,,,Folding Clasp,Rose Gold,Out of Production,Indices,Rose Gold and White,Casual,Out of Production,,
AP/RO.CHO/41/RG/WHT,Audemars Piguet,Royal Oak Chronograph,41,Rose Gold,White,26240OR.OO.1320OR.07,Calibre 4401,Smooth,Rose Gold,,,,Folding Clasp,Rose Gold,Out of Production,Indices,Rose Gold and White,Casual,Out of Production,,
AP/RO.CHO/41/F.WG/PRP,Audemars Piguet,Royal Oak Chronograph,41,Frosted ; White Gold,Purple,26331BC.GG.1224BC.01,Calibre 4401,Smooth,Frosted ; White Gold,,,,Folding Clasp,Frosted ; White Gold,Out of Production,Indices,White Gold and White,Casual,Out of Production,Limited 200,
AP/RO.CHO/41/ST/BLU,Audemars Piguet,Royal Oak Chronograph,41,Stainless Steel,Blue,26331ST.OO.1220ST.01,Calibre 4401,Smooth,Stainless Steel,,,,Folding Clasp,Stainless Steel,Out of Production,Indices,White Gold and White,Casual,Out of Production,,
AP/RO.CHO/41/ST/BLK,Audemars Piguet,Royal Oak Chronograph,41,Stainless Steel,Black,26331ST.OO.1220ST.02,Calibre 4401,Smooth,Stainless Steel,,,,Folding Clasp,Stainless Steel,Out of Production,Indices,White Gold and White,Casual,Out of Production,,
AP/RO.CHO/41/YG/GRN,Audemars Piguet,Royal Oak Chronograph,41,Yellow Gold,Green,26331BA.OO.1220BA.02,Calibre 4401,Smooth,Yellow Gold,,,,Folding Clasp,Yellow Gold,Out of Production,Indices,Yellow Gold and White,Casual,Out of Production,,
AP/RO.CHO/41/YG/BLU,Audemars Piguet,Royal Oak Chronograph,41,Yellow Gold,Blue,26331BA.OO.1220BA.01,Calibre 4401,Smooth,Yellow Gold,,,,Folding Clasp,Yellow Gold,Out of Production,Indices,Yellow Gold and White,Casual,Out of Production,,
AP/RO/41/RTT/WHT,Audemars Piguet,Royal Oak,41,Rose Two-Tone,White,15400SR.OO.1220SR.01,Calibre 4302,Smooth,Rose Gold,,,,Folding Clasp,Rose Two-Tone,Out of Production,Indices,Rose Gold and White,Casual,Out of Production,,
AP/RO/41/WG/BLU,Audemars Piguet,Royal Oak,41,White Gold,Blue,15503BC.OO.1220BC.01,Calibre 4302,Smooth,White Gold,,,,Folding Clasp,White Gold,Out of Production,Indices,White Gold and White,Casual,Out of Production,Limited 300,
AP/RO/41/WG/ICEBLU,Audemars Piguet,Royal Oak,41,White Gold,Ice Blue,15510BC.OO.1320BC.01,Calibre 4302,Smooth,White Gold,,,,Folding Clasp,White Gold,Out of Production,Indices,White Gold and White,Casual,Out of Production,Limited 100,
AP/RO/41/RG/BLU,Audemars Piguet,Royal Oak,41,Rose Gold,Blue,15510OR.OO.1320OR.03,Calibre 4302,Smooth,Rose Gold,,,,Folding Clasp,Rose Gold,$65 800,Indices,Rose Gold and White,Casual,Medium-High,,
AP/RO/41/RG/BLK,Audemars Piguet,Royal Oak,41,Rose Gold,Black,15510OR.OO.1320OR.04,Calibre 4302,Smooth,Rose Gold,,,,Folding Clasp,Rose Gold,$65 800,Indices,Rose Gold and White,Casual,Medium-High,,
AP/RO/41/ST/BLU,Audemars Piguet,Royal Oak,41,Stainless Steel,Blue,15510ST.OO.1320ST.06,Calibre 4302,Smooth,Stainless Steel,,,,Folding Clasp,Stainless Steel,$28 600,Indices,White Gold and White,Casual,Low-Medium,,
AP/RO/41/ST/WHT,Audemars Piguet,Royal Oak,41,Stainless Steel,White,15510ST.OO.1320ST.08,Calibre 4302,Smooth,Stainless Steel,,,,Folding Clasp,Stainless Steel,$28 600,Indices,White Gold and White,Casual,Low-Medium,,
AP/RO/41/ST/GRY,Audemars Piguet,Royal Oak,41,Stainless Steel,Gray,15510ST.OO.1320ST.10,Calibre 4302,Smooth,Stainless Steel,,,,Folding Clasp,Stainless Steel,$28 600,Indices,White Gold and White,Casual,Low-Medium,,
AP/RO/41/ST/BLK,Audemars Piguet,Royal Oak,41,Stainless Steel,Black,15510ST.OO.1320ST.07,Calibre 4302,Smooth,Stainless Steel,,,,Folding Clasp,Stainless Steel,$28 600,Indices,White Gold and White,Casual,Low-Medium,,
AP/RO/37/F.YG/CHM,Audemars Piguet,Royal Oak,37,Frosted ; Yellow Gold,Champagne,15550BA.GG.1356BA.01,Calibre 4302,Smooth,Frosted ; Yellow Gold,,,,Folding Clasp,Frosted ; Yellow Gold,$68 300,Indices,Rose Gold and White,Casual,Medium-High,,
AP/RO/37/YG/TRQ,Audemars Piguet,Royal Oak,37,Yellow Gold,Turquoise,15550BA.OO.1356BA.01,Calibre 4302,Smooth,Yellow Gold,,,,Folding Clasp,Yellow Gold,$63 300,Indices,Yellow Gold and White,Casual,Medium-High,,
AP/RO/37/RTT/WHT,Audemars Piguet,Royal Oak,37,Rose Two-Tone,White,15550SR.OO.1356SR.02,Calibre 4302,Smooth,Rose Gold,,,,Folding Clasp,Rose Two-Tone,$32 100,Indices,Yellow Gold and White,Casual,Low-Medium,,
AP/ROO.CHR/43/C.BLK/BLUBLK,Audemars Piguet,Royal Oak Offshore Chronograph,43,Black ; Ceramic,Blue,26420CE.OO.A043VE.01,Calibre 4401,Smooth,Blue ; Ceramic,,,,Pinbuckle,Titanium,$58 400,Indices,White Gold and White,Sport,Low-Medium,,
AP/ROO.CHR/43/C.BLK/GRNBLK,Audemars Piguet,Royal Oak Offshore Chronograph,43,Black ; Ceramic,Green,26420CE.OO.A063VE.01,Calibre 4401,Smooth,Green ; Ceramic,,,,Pinbuckle,Titanium,$58 400,Indices,White Gold and White,Sport,Low-Medium,,
AP/ROO.CHR/43/C.BLK/BLK,Audemars Piguet,Royal Oak Offshore Chronograph,43,Black ; Ceramic,Black,26420CE.OO.A127CR.01,Calibre 4401,Smooth,Black ; Ceramic,,,,Pinbuckle,Yellow Gold,$60 900,Indices,Yellow Gold and Black,Sport,Low-Medium,,
AP/ROO.CHR/43/T/GRY,Audemars Piguet,Royal Oak Offshore Chronograph,43,Titanium,Gray,26420IO.OO.A009CA.01,Calibre 4401,Smooth,Gray ; Ceramic,,,,Pinbuckle,Titanium,$42 900,Indices,White Gold and White,Sport,Low-Medium,,
AP/ROO.CHR/43/ST/GRY,Audemars Piguet,Royal Oak Offshore Chronograph,43,Stainless Steel,Gray,26420SO.OO.A600CA.01,Calibre 4401,Smooth,Black ; Ceramic,,,,Pinbuckle,Stainless Steel,$42 900,Indices,White Gold and Black,Sport,Low-Medium,,
AP/ROO.CHR/42/T/BLUGRY,Audemars Piguet,Royal Oak Offshore Chronograph,42,Titanium,Blue,26480TI.OO.A027CA.01,Calibre 4401,Smooth,Titanium,,,,Pinbuckle,Titanium,Out of Production,Indices,White Gold and White,Sport,Out of Production,,
AP/ROO.CHR/42/RG/BLK,Audemars Piguet,Royal Oak Offshore Chronograph,42,Rose Gold,Black,26238OK.OO.A002CA.01,Calibre 4404,Smooth,Black ; Ceramic,,,,Pinbuckle,Rose Gold,$57 100,Arabic Numerals,Rose Gold and White,Sport,Low,,
AP/ROO.CHR/42/RG/BLU,Audemars Piguet,Royal Oak Offshore Chronograph,42,Rose Gold,Blue,26238OR.OO.2000OR.01,Calibre 4404,Smooth,Rose Gold,,,,Folding Clasp,Rose Gold,$93 100,Indices,Rose Gold and White,Sport,Medium,,
AP/ROO.CHR/42/ST/BLK,Audemars Piguet,Royal Oak Offshore Chronograph,42,Stainless Steel,Black,26238TI.OO.2000TI.01,Calibre 4404,Smooth,Stainless Steel,,,,Folding Clasp,Stainless Steel,$46 600,Indices,White Gold and White,Sport,Low,,
AP/ROO.CHR/42/YG/BLUARB,Audemars Piguet,Royal Oak Offshore Chronograph,42,Yellow Gold,Blue,26470BA.OO.1000BA.01,Calibre 4404,Smooth,Yellow Gold,,,,Folding Clasp,Yellow Gold,Out of Production,Arabic Numerals,Yellow Gold and White,Sport,Out of Production,,
AP/ROO.CHR/42/YG/BLUIND,Audemars Piguet,Royal Oak Offshore Chronograph,42,Yellow Gold,Blue,25721BA.OO.1000BA.02.A,Calibre 4404,Smooth,Yellow Gold,,,,Folding Clasp,Yellow Gold,Out of Production,Indices,Yellow Gold and White,Sport,Out of Production,,
AP/ROO.CHR/44/C.BLK/BLK,Audemars Piguet,Royal Oak Offshore Chronograph,44,Black ; Ceramic,Black,26405NR.OO.A002CA.01.A,Calibre 4404,Smooth,Rose Gold,,,,Pinbuckle,Rose Gold,Out of Production,Arabic Numerals,Rose Gold and White,Sport,Out of Production,,
AP/ROO.CHR/37/YG/BLU,Audemars Piguet,Royal Oak Offshore Chronograph,37,Yellow Gold,Blue,26236BA.YY.D346CA.01,Calibre 4404,Smooth,Sapphires ; Green ; Blue,,,,Folding Clasp,Yellow Gold,$114 200,Indices,Yellow Gold and Black,Casual,High,,
AP/ROO.CHR/37/RG/WHT,Audemars Piguet,Royal Oak Offshore Chronograph,37,Rose Gold,White,26236OR.SS.D010CA.01,Calibre 4404,Smooth,Sapphires ; Blue,,,,Folding Clasp,Rose Gold,Out of Production,Indices,Rose Gold and White,Casual,Out of Production,Limited 10,
AP/ROO.MUS/42/BLK,Audemars Piguet,Royal Oak Offshore Music,42,Black ; Ceramic,Black,15600CE.OO.A002CA.01,Calibre 4309,Smooth,Black ; Ceramic,,,,Pinbuckle,Titanium,Out of Production,Indices,Black and White,Casual,Out of Production,Limited 250,
AP/ROO.DIV/42/ST/WHT,Audemars Piguet,Royal Oak Offshore Diver,42,Stainless Steel,White,15710ST.OO.A010CA.01,Calibre 3120,Smooth,Stainless Steel,,,,Pinbuckle,Stainless Steel,Out of Production,Indices,White Gold and Blue,Dive,Out of Production,,
AP/ROO.DIV/42/ST/PRP,Audemars Piguet,Royal Oak Offshore Diver,42,Stainless Steel,Purple,15710ST.OO.A077CA.01,Calibre 3120,Smooth,Stainless Steel,,,,Pinbuckle,Stainless Steel,Out of Production,Indices,White Gold and White,Dive,Out of Production,,
AP/ROO.DIV/42/RG/WHT,Audemars Piguet,Royal Oak Offshore Diver,42,Rose Gold,White,15711OI.OO.A006CA.01,Calibre 3120,Smooth,Titanium,,,,Pinbuckle,Rose Gold,Out of Production,Indices,Rose Gold and White,Dive,Out of Production,Limited 500,
AP/ROO.DIV/WG/RED,Audemars Piguet,Royal Oak Offshore Diver,42,White Gold,Red,15720CN.OO.A002CA.02,Calibre 3120,Smooth,Black ; Ceramic,,,,Pinbuckle,White Gold,$68 300,Indices,Rose Gold and White,Dive,Medium-High,Limited 100,
AP/ROC/44/T/RED,Audemars Piguet,Royal Oak Concept,44,Titanium,Red,26589IO.OO.D500CA.01,Calibre 2954,Smooth,Black ; Ceramic,,,,Folding Clasp,Titanium,Out of Production,Indices,White,Sport,Out of Production,Special,
AP/ROC/44/T/GRN,Audemars Piguet,Royal Oak Concept,44,Titanium,Green,26589IO.OO.D056CA.01,Calibre 2954,Smooth,Green ; Ceramic,,,,Folding Clasp,Titanium,Price on Request,Indices,White,Sport,VIP,,
AP/ROC/44/T/BLU,Audemars Piguet,Royal Oak Concept,44,Rose Gold,Blue,26589IO.OO.D030CA.01,Calibre 2954,Smooth,Black ; Ceramic,,,,Folding Clasp,Titanium,Out of Production,Indices,White,Sport,Out of Production,,
AP/ROC/44/T/SIL,Audemars Piguet,Royal Oak Concept,44,Titanium,Silver,26589RO.OO.D006CA.01,Calibre 2954,Smooth,Black ; Ceramic,,,,Folding Clasp,Titanium,Out of Production,Indices,White,Sport,Out of Production,Limited 20,
VC/OS.CHR/RG/GRN,Vacheron Constantin,Overseas Chronograph,42.5,Rose Gold,Green,5520V/210R-B966,Calibre 5200,Smooth,Rose Gold,,,,Folding Clasp,Rose Gold,$79 500,Indices,Rose Gold and White,,,,
VC/OS.CHR/RG/BLU,Vacheron Constantin,Overseas Chronograph,42.5,Rose Gold,Blue,5520V/210R-B952,Calibre 5200,Smooth,Rose Gold,,,,Folding Clasp,Rose Gold,$79 500,Indices,Rose Gold and White,,,,
VC/OS.CHR/ST/BLU,Vacheron Constantin,Overseas Chronograph,42.5,Stainless Steel,Blue,5520V/210A-B148,Calibre 5200,Smooth,Stainless Steel,,,,Folding Clasp,Stainless Steel,$35 600,Indices,White Gold and White,,,,
VC/OS.CHR/ST/SIL,Vacheron Constantin,Overseas Chronograph,42.5,Stainless Steel,Silver,5520V/210A-B686,Calibre 5200,Smooth,Stainless Steel,,,,Folding Clasp,Stainless Steel,$35 600,Indices,White Gold and White,,,,
VC/OS.CHR/BLK,Vacheron Constantin,Overseas Chronograph,42.5,Stainless Steel,Black,5520V/210A-B481,Calibre 5200,Smooth,Stainless Steel,,,,Folding Clasp,Stainless Steel,$35 600,Indices,White Gold and White,,,,
VC/OS.DT/RG/GRN,Vacheron Constantin,Overseas Dual Time,42.5,Rose Gold,Green,7920V/210R-B965,Calibre 5110 DT/2,Smooth,Rose Gold,,,,Folding Clasp,Rose Gold,$75 500,Indices,Rose Gold and White,,,,
VC/OS.DT/ST/BLU,Vacheron Constantin,Overseas Dual Time,42.5,Stainless Steel,Blue,7920V/210A-B334,Calibre 5110 DT/2,Smooth,Stainless Steel,,,,Folding Clasp,Stainless Steel,$30 900,Indices,White Gold and White,,,,
VC/OS.DT/ST/SIL,Vacheron Constantin,Overseas Dual Time,42.5,Stainless Steel,Silver,7920V/210A-B333,Calibre 5110 DT/2,Smooth,Stainless Steel,,,,Folding Clasp,Stainless Steel,$30 900,Indices,White Gold and White,,,,
VC/OS.DT/ST/BLK,Vacheron Constantin,Overseas Dual Time,42.5,Stainless Steel,Black,7920V/210A-B546,Calibre 5110 DT/2,Smooth,Stainless Steel,,,,Folding Clasp,Stainless Steel,$30 900,Indices,White Gold and White,,,,
VC/OS/RG/GRN,Vacheron Constantin,Overseas,42.5,Rose Gold,Green,4520V/210R-B967,Calibre 5100,Smooth,Rose Gold,,,,Folding Clasp,Rose Gold,$60 500,Indices,Rose Gold and White,,,,
VC/OS/RG/BLU,Vacheron Constantin,Overseas,42.5,Rose Gold,Blue,4520V/210R-B705,Calibre 5100,Smooth,Rose Gold,,,,Folding Clasp,Rose Gold,$60 500,Indices,Rose Gold and White,,,,
VC/OS/ST/BLU,Vacheron Constantin,Overseas,42.5,Stainless Steel,Blue,4520V/210A-B128,Calibre 5100,Smooth,Stainless Steel,,,,Folding Clasp,Stainless Steel,$25 000,Indices,White Gold and White,,,,
VC/OS/ST/SIL,Vacheron Constantin,Overseas,42.5,Stainless Steel,Silver,4520V/210A-B126,Calibre 5100,Smooth,Stainless Steel,,,,Folding Clasp,Stainless Steel,$25 000,Indices,White Gold and White,,,,
VC/OS/ST/BLK,Vacheron Constantin,Overseas,42.5,Stainless Steel,Black,4520V/210A-B483,Calibre 5100,Smooth,Stainless Steel,,,,Folding Clasp,Stainless Steel,$25 000,Indices,White Gold and White,,,,
VC/OS.TRB/RG/BLU,Vacheron Constantin,Overseas Tourbillon,42.5,Rose Gold,Blue,6000V/210R-B733,Calibre 2160,Smooth,Rose Gold,,,,Folding Clasp,Rose Gold,Price on Request,Indices,Rose Gold and White,,,VIP,
VC/OS.TRB/ST/BLU,Vacheron Constantin,Overseas Tourbillon,42.5,Stainless Steel,Blue,6000V/110A-B544,Calibre 2160,Smooth,Stainless Steel,,,,Folding Clasp,Stainless Steel,Price on Request,Indices,White Gold and White,,,VIP,
VC/OS.TRB/TI/BLU,Vacheron Constantin,Overseas Tourbillon,42.5,Titanium,Blue,6000V/210T-H032,Calibre 2160,Smooth,Titanium,,,,Folding Clasp,Titanium,Price on Request,Indices,White Gold and White,,,VIP,
VC/OS.TRB.SKL/RG/BLK,Vacheron Constantin,Overseas Tourbillon Skeleton,42.5,Rose Gold,Black,6000V/210R-B934,Calibre 2160 SQ,Smooth,Rose Gold,,,,Folding Clasp,Rose Gold,Price on Request,Indices,Rose Gold and White,,,VIP,
VC/OS.TRB.SKL/T/BLU,Vacheron Constantin,Overseas Tourbillon Skeleton,42.5,Titanium,Blue,6000V/210T-B935,Calibre 2160 SQ,Smooth,Titanium,,,,Folding Clasp,Titanium,Price on Request,Indices,White Gold and White,,,VIP,
VC/OS.MP.RTRG/ST/BLU,Vacheron Constantin,Overseas Moonphase Retrograde Date,42.5,Stainless Steel,Blue,4000V/210A-B911,Calibre 2460 R31L/2,Smooth,Stainless Steel,,,,Folding Clasp,Stainless Steel,$48 300,Indices,White Gold and White,,,High,
VC/OS.PC.UT/RG/BLU,Vacheron Constantin,Overseas Perpetual Calendar Ultra Thin,41.5,Rose Gold,Blue,4300V/220R-B509,Calibre 1120/3 QP/1,Smooth,Rose Gold,,,,Folding Clasp,Rose Gold,$115 000,Indices,Rose Gold and White,,,High,
VC/OS.PC.UT/RG/WHT,Vacheron Constantin,Overseas Perpetual Calendar Ultra Thin,41.5,Rose Gold,White,4300V/220R-B064,Calibre 1120/3 QP/1,Smooth,Rose Gold,,,,Folding Clasp,Rose Gold,$115 000,Indices,Rose Gold and White,,,High,
VC/OS.UT.WG/BLU,Vacheron Constantin,Overseas Perpetual Calendar Ultra Thin,41.5,White Gold,Blue,4300V/220G-B945,Calibre 1120/3 QP/1,Smooth,White Gold,,,,Folding Clasp,White Gold,$115 000,Indices,White Gold and White,,,High,
TIS/PRX.PM80/ST.YG/BLK,Tissot,PRX Powermatic 80,40,Stainless Steel,Black,T1374073305100,Calibre 11 1/2''',Smooth,Stainless Steel,,,,Folding Clasp,Stainless Steel,$825,Indices,Stainless Steel and White,Casual,,,
TIS/PRX.PM80/ST/DBLUFDE,Tissot,PRX Powermatic 80,40,Stainless Steel,Dark Blue Fade,T1374071105101,Calibre 11 1/2''',Smooth,Stainless Steel,,,,Folding Clasp,Stainless Steel,$725,Indices,Stainless Steel and White,Casual,,,
TIS/PRX.PM80/LITBLUFDE,Tissot,PRX Powermatic 80,40,Stainless Steel,Light Blue Fade,T137.407.11.351.01,Calibre 11 1/2''',Smooth,Stainless Steel,,,,Folding Clasp,Stainless Steel,$725,Indices,Stainless Steel and White,Casual,,,
TIS/PRX.PM80/DBLU/RBR,Tissot,PRX Powermatic 80,40,Stainless Steel,Dark Blue,T137.407.17.041.00,Calibre 11 1/2''',Smooth,Stainless Steel,,,,Pinbuckle,Stainless Steel,$675,Indices,Stainless Steel and White,Casual,,,
TIS/PRX.PM80/ST/GRN,Tissot,PRX Powermatic 80,40,Stainless Steel,Light Green,T137.407.11.091.01,Calibre 11 1/2''',Smooth,Stainless Steel,,,,Folding Clasp,Stainless Steel,$725,Indices,Stainless Steel and White,Casual,,,
TIS/PRX/WHT/RBR,Tissot,PRX 40,40,Stainless Steel,White,T137.410.17.011.00,Quartz,Smooth,Stainless Steel,,,,Pinbuckle,Stainless Steel,$375,Indices,Stainless Steel and White,Casual,,,
CTZ/SRS8/GMT/BLUBLK,Citizen,Series8 880 GMT,41,Stainless Steel,Blue,NB6036-52N,9054,Smooth,Stainless Steel,,,,Folding Clasp,Stainless Steel,$1 995,Indices,Titanium and Black,Casual,,,
CTZ/ATS/T/BLK,Citizen,ATTESA,41,Titanium,Black,CB0285-63E,H145,Smooth,Titanium,,,,Folding Clasp,Titanium,$1 395,Indices,Titanium and Black,Casual,,,
FRMX/E39/ST/RED/BRC,Formex,Essence Thirty-Nine,39,Stainless Steel,Red,0333.1.6671.100,Sellita SW200-1,Smooth,Stainless Steel,,,,Folding Clasp,Stainless Steel,$1 590,Indices,White Gold and White,Casual,,,
FRMX/E39/ST/GRN/LTHR,Formex,Essence Thirty-Nine,39,Stainless Steel,Green,0333.1.6600.710,Sellita SW200-1,Smooth,Stainless Steel,,,,Folding Clasp,Stainless Steel,$1 480,Indices,Rose Gold and White,Casual,,,
FRMX/E39/ST/BLU/BRC,Formex,Essence Thirty-Nine,39,Stainless Steel,Blue,0333.1.6603.100,Sellita SW200-1,Smooth,Stainless Steel,,,,Folding Clasp,Stainless Steel,$1 790,Indices,White Gold and White,Casual,,,
NRQ/WO.SKL/RED,Norqain,Wild One Skeleton,42,Titanium,,NNQ3000QBR2AS/B013,Calibre N08S,Smooth,Titanium,,,,Pinbuckle,NORTEQ,$5 790,Indices,Rhodium and Black,Sport,,,
NRQ/WO.SKL/GRN,Norqain,Wild One Skeleton,42,Titanium,,NNQ3000QBE2AS/B014,Calibre N08S,Smooth,Titanium,,,,Pinbuckle,NORTEQ,$5 790,Indices,Rhodium and Black,Sport,,,
NRQ/WO.SKL/BLU,Norqain,Wild One Skeleton,42,Titanium,,NNQ3000QBQ1AS/B007,Calibre N08S,Smooth,Titanium,,,,Pinbuckle,NORTEQ,$5 790,Indices,Rhodium and Black,Sport,,,
NRQ/WO.SKL/BLUSIL,Norqain,Wild One Skeleton,42,Titanium,,N3000S03A/301A,Calibre N08S,Smooth,Titanium,,,,Pinbuckle,NORTEQ,$4 190,Indices,Rhodium and Black,Sport,,,
NRQ/WO.SKL/PRP,Norqain,Wild One Skeleton,42,Titanium,,NNT3200BC/P321,Calibre N08S,Smooth,Titanium,,,,Pinbuckle,NORTEQ,$6 690,Indices,Rhodium and Black,Sport,,,
NRQ/WO/BLU,Norqain,Wild One,42,Titanium,Blue,NNQ3000QBA1A/A001,Calibre NN20/1,Smooth,Titanium,,,,Pinbuckle,NORTEQ,$5 490,Indices,Rhodium and Black,Sport,,,
LNG/CNQ/CHR/WHT/BRC,Longines,Conquest Chronograph,42,Stainless Steel,White,L3.835.4.72.6,Calibre L898,Smooth,Stainless Steel,,,,Folding Clasp,Stainless Steel,$3 750,Indices,White Gold and White,Sport,,,
LNG/CNQ/CHR/BLK/RBR,Longines,Conquest Chronograph,42,Stainless Steel,Black,L3.835.4.52.6,Calibre L898,Smooth,Stainless Steel,,,,Folding Clasp,Stainless Steel,$3 750,Indices,White Gold and White,Sport,,,
LNG/CNQ/CHR/BLU/RBR,Longines,Conquest Chronograph,42,Stainless Steel,Blue,L3.835.4.92.6,Calibre L898,Smooth,Stainless Steel,,,,Folding Clasp,Stainless Steel,$3 750,Indices,White Gold and White,Sport,,,
LNG/CNQ/CHR/SND/RBR,Longines,Conquest Chronograph,42,Stainless Steel,Sand,L3.835.4.32.9,Calibre L898,Smooth,Stainless Steel,,,,Folding Clasp,Stainless Steel,$3 650,Indices,White Gold and White,Sport,,,
LNG/CNQ/CHR/GRN/RBR,Longines,Conquest Chronograph,42,Stainless Steel,Green,L3.835.4.02.9,Calibre L898,Smooth,Stainless Steel,,,,Folding Clasp,Stainless Steel,$3 650,Indices,White Gold and White,Sport,,,
LNG/CNQ/CHR/BLU/BRC,Longines,Conquest Chronograph,42,Stainless Steel,Blue,L3.835.4.98.9,Calibre L898,Smooth,Stainless Steel,,,,Folding Clasp,Stainless Steel,$3 650,Indices,White Gold and White,Sport,,,
SKO/AST/BTRY/25/PRP,Seiko,Astron 2025,42,Titanium,Purple,SSJ029,3X62,Smooth,Titanium,,,,Folding Clasp,Titanium,$2 600,Indices,Titanium and White,Sport,,2025,
SKO/AST/BTRY/25/PRP.YG,Seiko,Astron 2024,42,Titanium,Purple,SSJ021,3X62,Smooth,Titanium,,,,Folding Clasp,Titanium,$2 300,Indices,Titanium Yellow and White,Sport,,2024,
SKO/AST/CHR/25/PRP.YG,Seiko,Astron 2024,42,Titanium,Purple,SSH145,5X53,Smooth,Titanium,Yellow,,,Folding Clasp,Titanium,$2 700,Indices,Titanium Yellow and White,Sport,,2024,
SKO/COU/BLK,Seiko,Coutura,42.5,Stainless Steel,Black,SNE506,V157,Smooth,Stainless Steel,,,,Folding Clasp,Stainless Steel,$575,Diamond,Diamond,Sport,,,
SKO/COU/YG,Seiko,Coutura,42.5,Stainless Steel,Black,SSC700,V198,Smooth,Stainless Steel,,,,Folding Clasp,Stainless Steel,$525,Diamond,Diamond,Sport,,,
ZOD/SSW.SKL/RBOW,Zodiac,Super Sea Wolf Skeleton,40,Stainless Steel,,Z09298,STP6-15,Smooth,Stainless Steel,,,,Folding Clasp,Stainless Steel,,Indices,Stainless Steel and White,Sport,,,
ZOD/CD/WHT/RBR,Zodiac,Compression dive,40,Stainless Steel,White,ZO9309,STP1-21,Smooth,Stainless Steel,,,,Folding Clasp,Stainless Steel,$1 395,Indices,Black and White,Sport,,,
ZOD/CD/YG/BLK,Zodiac,Compression dive,40,Stainless Steel,Black,ZO9308,STP1-21,Smooth,Stainless Steel,,,,Folding Clasp,Stainless Steel,$4 995,Indices,Yellow Gold and White,Sport,,,
ZOD/CD/BLK/MAL,Zodiac,Compression dive,40,Stainless Steel,Green,ZO9314,STP1-21,Smooth,Stainless Steel,,,,Folding Clasp,Stainless Steel,$2 295,Indices,Black and White,Sport,,,
JLC/POL/CHR/BLU,Jaeger LaCoultre,Polaris Chronograph,42,Stainless Steel,Blue,Q9028181,Calibre 761,Smooth,Stainless Steel,,,,Folding Clasp,Stainless Steel,$14 800,Arabic Numerals ; Indices,White Gold and White,Sport,,,
JLC/POL/CHR/GRY,Jaeger LaCoultre,Polaris Chronograph,42,Stainless Steel,Gray,Q902843J,Calibre 761,Smooth,Stainless Steel,,,,Folding Clasp,Stainless Steel,$14 300,Arabic Numeral and Indices,White Gold and White,Sport,,,
JLC/MCCC/BLU,Jaeger LaCoultre,Master Control Chronograph Calendar,40,Stainless Steel,Blue,Q4138180,Calibre 759,Smooth,Stainless Steel,,,,Folding Clasp,Stainless Steel,$19 100,Arabic Numeral and Indices,White Gold and White,Sport,,,
JLC/MCCC/WHT,Jaeger LaCoultre,Master Control Chronograph Calendar,40,Stainless Steel,White,Q413813J,Calibre 759,Smooth,Stainless Steel,,,,Folding Clasp,Stainless Steel,$19 100,Arabic Numeral and Indices,White Gold and White,Sport,,,
CHP/AE/41/RG,Chopard,Alpine Eagle 41,41,Rose Gold,Rose Gold,295363-5013,CHOPARD 01.15-C,Smooth,Rose Gold,,,,Folding Clasp,Rose Gold,$84 100,Indices,Rose Gold and White,Dress,,,
CHP/AE/41/YG,Chopard,Alpine Eagle 41,41,Yellow Gold,Yellow Gold,295363-0002,CHOPARD 01.15-C,Smooth,Yellow Gold,,,,Folding Clasp,Yellow Gold,$92 100,Indices,Yellow Gold and White,Dress,,,
CHP/AE/41/WG.BLU,Chopard,Alpine Eagle 41,41,White Gold,White Gold,295363-1007,CHOPARD 01.15-C,Smooth,White Gold,,,,Folding Clasp,White Gold,$92 100,Indices,White Gold and White,Dress,,,
CHP/AE/41/WG.GRN,Chopard,Alpine Eagle 41,41,White Gold,White Gold,295363-1008,CHOPARD 01.15-C,Smooth,White Gold,,,,Folding Clasp,White Gold,$92 100,Indices,White Gold and White,Dress,,,
ZEN/DS/SKL.CHR/BLK,Zenith,Defy Skyline Skeleton Chronograph,42,Stainless Steel,Black,03.9500.3600/78.I001,El Primero 3600SK,Smooth,Stainless Steel,,,,Folding Clasp,Stainless Steel,$15 500,Indices,White Gold and White,Casual,Low,,
ZEN/DS/SKL.CHR/BLU,Zenith,Defy Skyline Skeleton Chronograph,42,Stainless Steel,Blue,03.9500.3600/79.I001,El Primero 3600SK,Smooth,Stainless Steel,,,,Folding Clasp,Stainless Steel,$15 500,Indices,White Gold and White,Casual,Low,,
ZEN/DS/SKL/C/BLU,Zenith,Defy Skyline Skeleton,41,Ceramic,Blue,49.9301.3620/79.I001,El Primero 3620SK,Smooth,Ceramic,,,,Folding Clasp,Ceramic,$17 500,Indices,White Gold and White,Casual,Low,,
ZEN/DS/SKL/C/BLK,Zenith,Defy Skyline Skeleton,41,Ceramic,Black,97.9300.3620/79.I001,El Primero 3620SK,Smooth,Ceramic,,,,Folding Clasp,Ceramic,$17 500,Indices,White Gold and White,Casual,Low,,
ZEN/DS/SKL/T/BLU,Zenith,Defy Skyline Skeleton,41,Titanium,Blue,49.9300.3620/78.I001,El Primero 3620SK,Smooth,Titanium,,,,Folding Clasp,Titanium,$12 000,Indices,White Gold and White,Casual,Low,,
ZEN/DC/T/BLU,Zenith,Defy Classic Night Surfer,41,Titanium,Blue,97.9000.670/26.M9000,Elite,Smooth,Titanium,,,,Folding Clasp,Titanium,$9 000,Indices,White Gold and White,Casual,Low,100 Limited,
ZEN/D/BLU,Zenith,Defy,41,Titanium,,97.9001.9004/81.R946,El Primero,Smooth,Titanium,,,,Folding Clasp,Titanium,$14 000,Indices,White Gold and White,Casual,Low,,
ZEN/D/WHT,Zenith,Defy,41,Titanium,,49.9007.9004/11.R923,El Primero,Smooth,Titanium,,,,Folding Clasp,Titanium,$14 500,Indices,White Gold and White,Casual,Low,,
ZEN/D/PRP,Zenith,Defy,41,Titanium,,97.9001.9004/80.R922,El Primero,Smooth,Titanium,,,,Folding Clasp,Titanium,$14 000,Indices,White Gold and White,Casual,Low,,
ZEN/CHR.SPR/RG/WHT/RBR,Zenith,Chronomaster Sport,41,Rose Gold,White,18.3101.3600/69.R953,El Primero 3600,Smooth,Rose Gold,Black,,,Folding Clasp,Rose Gold,$24 800,Indices,Rose Gold,Casual,Low,,
ZEN/CHR.SPR/WG/RBOW,Zenith,Chronomaster Sport,41,White Gold,Black,45.3104.3600/21.M3100,El Primero 3600,Smooth,White Gold,Black,,,Folding Clasp,Rose Gold,$112 000,Diamond,Rainbow,Casual,Low,,
ZEN/CHR.SPR/RG/DIA,Zenith,Chronomaster Sport,41,Rose Gold,Rose Gold Meterorite,22.3100.3600/69.M3100,El Primero 3600,Smooth,Rose Gold,Black,,,Folding Clasp,Rose Gold,$98 600,Indices,Diamond,Casual,Low,,
ZEN/CHR.SPR/RG/ST/PINK,Zenith,Chronomaster Sport,41,Stainless Steel,Pink,03.3109.3600/18.M3100,El Primero 3600,Smooth,Stainless Steel,Black,,,Folding Clasp,Stainless Steel,$11 800,Indices,,Casual,Low,,
TAG/MON/BLU,Tag Heuer,Monaco Chronograph,39,Titanium,Black,CBL2188.FT6261,Calibre TH20-00,Smooth,Titanium,,,,Folding Clasp,Titanium,$11 250,Indices,White,Sport,Low,,
TAG/MON/BLK.PNK,Tag Heuer,Monaco Chronograph,39,Titanium,Black,CBL218B.FT6236,Calibre TH20-00,Smooth,Titanium,,,,Folding Clasp,Titanium,$11 250,Indices,White,Sport,Low,,
TAG/MON/BLK.BLU,Tag Heuer,Monaco Chronograph,39,Titanium,Black,CBL2184.FT6236,Calibre TH20-00,Smooth,Titanium,,,,Folding Clasp,Titanium,$11 250,Indices,White,Sport,Low,,
TAG/CCES/RED,Tag Heuer,Carrera Chronograph Extreme Sport,44,Titanium,,CBU2082.FT6275,Calibre TH20-00,Smooth,Titanium,Titanium,,,Folding Clasp,Titanium,$8 450,Indices,Titanium,Sport,Low,,
TAG/CCES/BLU,Tag Heuer,Carrera Chronograph Extreme Sport,44,Titanium,,CBU2081.FT6274,Calibre TH20-00,Smooth,Titanium,Titanium,,,Folding Clasp,Titanium,$8 450,Indices,Titanium,Sport,Low,,
TAG/CCES/BLK,Tag Heuer,Carrera Chronograph Extreme Sport,44,Titanium,,CBU2080.FT6272,Calibre TH20-00,Smooth,Titanium,Titanium,,,Folding Clasp,Titanium,$8 450,Indices,Titanium,Sport,Low,,
TAG/CCES/RG,Tag Heuer,Carrera Chronograph Extreme Sport,44,Rose Gold,,CBU2050.FT6273,Calibre TH20-00,Smooth,Rose Gold,Rose Gold,,,Folding Clasp,Titanium,$8 450,Indices,Titanium,Sport,Low,,
TAG/CC/GRN,Tag Heuer,Carrera Chronograph,44,Stainless Steel,Green,CBN2A1N.FT6238,Calibre TH20-00,Smooth,Stainless Steel,Stainless Steel,,,Folding Clasp,Stainless Steel,$6 550,Indices,White Gold and White,Sport,Low,,
OMG/SM57/RED,Omega,Speedmaster '57,40.5,Stainless Steel,Red,332.10.41.51.11.001,Calibre 9906,Smooth,Stainless Steel,Black,,,Folding Clasp,Stainless Steel,$9 500,Indices,White Gold and White,Sport,Low,,
OMG/SMP/WHT,Omega,Speedmaster Moonwatch Professional,42,Stainless Steel,White,310.30.42.50.04.001,Omega 3861,Smooth,Stainless Steel,Stainless Steel,,,Folding Clasp,Stainless Steel,$8 100,Indices,Black,Dress,Low,,
OMG/SMP/BLK,Omega,Speedmaster Moonwatch Professional,42,Stainless Steel,Black,310.30.42.50.01.002,Omega 3861,Smooth,Stainless Steel,Stainless Steel,,,Folding Clasp,Stainless Steel,$8 000,Indices,White,Dress,Low,,
OMG/SMP/ER,Omega,Speedmaster Moonwatch Professional,42,Everose Rolesor,Rose Gold,310.20.42.50.99.001,Omega 3861,Smooth,Everose Rolesor,Rose Gold,,,Folding Clasp,Stainless Steel,$18 100,Indices,Rose Gold,Dress,Low,,
OMG/SMP/YG/YG,Omega,Speedmaster Moonwatch Professional,42,Yellow Gold,Yellow Gold,310.60.42.50.10.001,Omega 3861,Smooth,Yellow Gold,Yellow Gold,,,Folding Clasp,Yellow Gold,$42 600,Indices,Yellow Gold,Dress,Low,,
OMG/SMP/YG/GRN,Omega,Speedmaster Moonwatch Professional,42,Yellow Gold,Yellow Gold,310.60.42.50.99.002,Omega 3861,Smooth,Yellow Gold,Yellow Gold,,,Folding Clasp,Yellow Gold,$44 800,Indices,Black,Dress,Low,,
OMG/SMFOIS,Omega,Speedmaster First Omega in Space,42,Stainless Steel,Blue Gray,310.30.40.50.06.001,Omega 3861,Smooth,Stainless Steel,Stainless Steel,,,Folding Clasp,Stainless Steel,$7 900,Indices,Rose Gold,Dress,Low,,
UN/FRKX.TI/BLK,Ulysse Nardin,Freak X Ti,43,Titanium,Black,2303-270.1/BLACK,Calibre UN-230,Smooth,Titanium,,,,Folding Clasp,Titanium,$27 500,Indices,White,Dress,Low,,
UN/FRKX.TI/BLU,Ulysse Nardin,Freak X Ti,43,Titanium,Blue,2303-270.1/03,Calibre UN-230,Smooth,Titanium,,,,Folding Clasp,Titanium,$27 500,Indices,White,Dress,Low,,
UN/FRKX/BLK,Ulysse Nardin,Freak X,43,Titanium,Black,2303-270/MAGMA-BQ,Calibre UN-230,Smooth,Titanium,,,,Folding Clasp,Titanium,$35 000,Indices,Red,Dress,Low,,
UN/FRK1/BLU,Ulysse Nardin,Freak One,44,Titanium,Blue,2403-500-3A/3B,Calibre UN-240,Smooth,Titanium,,,,Folding Clasp,Titanium,$66 800,Indices,Black,Dress,Low,,
UN/FRK1/GRN,Ulysse Nardin,Freak One,44,Titanium,Green,2403-500-8A/3B,Calibre UN-240,Smooth,Titanium,,,,Folding Clasp,Titanium,$66 800,Indices,Black,Dress,Low,,
UN/FRK1/BLK,Ulysse Nardin,Freak One,44,Rose Gold,Black,2405-500-2A/3A,Calibre UN-240,Smooth,Rose Gold,,,,Folding Clasp,Rose Gold,$71 000,Indices,Rose Gold,Dress,Low,,
UN/BLST.T/RG/BLU,Ulysse Nardin,Blast Tourbillon,45,Rose Gold,,1725-400-3A/3A,Calibre UN-172,Smooth,Rose Gold,,,,Folding Clasp,Rose Gold,$67 300,Indices,Rose Gold and White,Dress,Low,,
UN/BLST.T/RG/BLK,Ulysse Nardin,Blast Tourbillon,45,Rose Gold,,1725-400-3A/02,Calibre UN-172,Smooth,Rose Gold,,,,Folding Clasp,Rose Gold,$67 300,Indices,Rose Gold and White,Dress,Low,,
UN/BLST.T/T/BLU,Ulysse Nardin,Blast Tourbillon,45,Titanium,,1723-400-3A/03,Calibre UN-172,Smooth,Titanium,,,,Folding Clasp,Titanium,$54 000,Indices,White Gold and White,Dress,Low,,
UN/BLST.T/T/GRY,Ulysse Nardin,Blast Tourbillon,45,Titanium,,1723-400-3A/00,Calibre UN-172,Smooth,Titanium,,,,Folding Clasp,Titanium,$56 100,Indices,White Gold and White,Dress,Low,,
UN/BLST.SKL/RG/BLU,Ulysse Nardin,Blast Skeleton X,42,Rose Gold,,3716-260-3/03,Calibre UN-371,Smooth,Rose Gold,,,,Folding Clasp,Rose Gold,$36 100,Roman Numerals ; Indices,Rose Gold and White,Dress,Low,,
UN/BLST.SKL/T/BLK,Ulysse Nardin,Blast Skeleton X,42,Titanium,,3713-260-3/BLACK,Calibre UN-371,Smooth,Titanium,,,,Folding Clasp,Titanium,$23 300,Roman Numerals ; Indices,Black and White,Dress,Low,,
UN/BLST.SKL/T/BLU,Ulysse Nardin,Blast Skeleton X,42,Titanium,,3713-260-3/03,Calibre UN-371,Smooth,Titanium,,,,Folding Clasp,Titanium,$23 300,Roman Numerals ; Indices,White Gold and White,Dress,Low,,
UN/BLST.SKL/CRB,Ulysse Nardin,Blast Skeleton X,42,Carbonium Gold,,3715-260-3/CARB,Calibre UN-371,Smooth,Carbonium Gold,,,,Folding Clasp,Yellow Gold,$27 500,Roman Numerals ; Indices,Rose Gold and White,Dress,Low,,
UN/DIV.SKL/T/WHT,Ulysse Nardin,dive X Skeleton,44,Titanium,,3723-170-1A/3A,Calibre UN-372,Smooth,Titanium,,,,Folding Clasp,Titanium,$27 500,Indices,White Gold and White,dive,Low,,
CRT/SAN/ST/GRN,Cartier,de Santos,40,Stainless Steel,Green,WSSA0062,1847 MC,Smooth,Stainless Steel,,,,Folding Clasp,Stainless Steel,$7 750,Roman Numerals,Stainless Steel,Casual,,,
CRT/SAN/ST/WHT,Cartier,de Santos,40,Stainless Steel,White,WSSA0018,1847 MC,Smooth,Stainless Steel,,,,Folding Clasp,Stainless Steel,$7 750,Roman Numerals,Black,Casual,,,
CRT/SAN/ST/GRY,Cartier,de Santos,40,Stainless Steel,Gray,WSSA0037,1847 MC,Smooth,Stainless Steel,,,,Folding Clasp,Stainless Steel,$8 050,Roman Numerals,Stainless Steel,Casual,,,
CRT/SAN.SKL/ST/SIL,Cartier,de Santos,40,Stainless Steel,,WHSA0015,1847 MC,Smooth,Stainless Steel,,,,Folding Clasp,Stainless Steel,$30 400,Roman Numerals,Stainless Steel,Casual,,,
CRT/SAN.SKL/ST/BLU,Cartier,de Santos,40,Stainless Steel,,WHSA0026,1847 MC,Smooth,Stainless Steel,,,,Folding Clasp,Stainless Steel,$31 500,Roman Numerals,Stainless Steel and Blue,Casual,,,
CRT/SAN.SKL/ST/BLK,Cartier,de Santos,40,Stainless Steel,,WHSA0027,1847 MC,Smooth,Stainless Steel,,,,Folding Clasp,Stainless Steel,$31 500,Roman Numerals,Stainless Steel and Black,Casual,,,
CRT/SAN/ST/BLK/BLK,Cartier,de Santos,40,Stainless Steel,Black,WSSA0039,1847 MC,Smooth,Stainless Steel,,,,Folding Clasp,Stainless Steel,$8 300,Roman Numerals,Stainless Steel,Casual,,,
CRT/SAN/ST.YG/WHT,Cartier,de Santos,40,Stainless Steel,White,W2SA0009,1847 MC,Smooth,Stainless Steel,,,,Folding Clasp,Stainless Steel,$11 700,Roman Numerals,Black,Casual,,,
CRT/SAN.SKL/ST.YG/WHT,Cartier,de Santos,40,Stainless Steel,,WHSA0019,1847 MC,Smooth,Stainless Steel,,,,Folding Clasp,Stainless Steel,$35 300,Roman Numerals,Stainless Steel,Casual,,,
CRT/SAN/YG/WHT,Cartier,de Santos,40,Yellow Gold,White,WGSA0029,1847 MC,Smooth,Yellow Gold,,,,Folding Clasp,Yellow Gold,$36 600,Roman Numerals,Black,Casual,,,
CRT/SAN.SKL/YG,Cartier,de Santos,40,Yellow Gold,,WHSA0042,1847 MC,Smooth,Yellow Gold,,,,Folding Clasp,Yellow Gold,$70 000,Roman Numerals,Yellow Gold,Casual,,,
CRT/SAN/RG/WHT,Cartier,de Santos,40,Rose Gold,White,WGSA0018,1847 MC,Smooth,Rose Gold,,,,Folding Clasp,Rose Gold,$36 600,Roman Numerals,Black,Casual,,,
CRT/SAN.SKL/RG,Cartier,de Santos,40,Rose Gold,,WHSA0016,1847 MC,Smooth,Rose Gold,,,,Folding Clasp,Rose Gold,$70 000,Roman Numerals,Rose Gold,Casual,,,
TUD/BBC/LB,Tudor,Black Bay Chrono,41,Stainless Steel,Light Blue,M79360N-0024,Calibre MT5813,Smooth,Stainless Steel,Stainless Steel,,,Folding Clasp,Stainless Steel,$5 875,Indices,White,Sport,Low-Medium,Special,
TUD/BBC/PNK,Tudor,Black Bay Chrono,41,Stainless Steel,Pink,M79360N-0019,Calibre MT5813,Smooth,Stainless Steel,Stainless Steel,,,Folding Clasp,Stainless Steel,$5 875,Indices,White,Sport,Low-Medium,Special,
TUD/BBC/BLU,Tudor,Black Bay Chrono,41,Stainless Steel,Blue,m79360b-0002,Calibre MT5813,Smooth,Stainless Steel,Stainless Steel,,,Folding Clasp,Stainless Steel,$5 875,Indices,White,Sport,,,
TUD/BBC/WHT,Tudor,Black Bay Chrono,41,Stainless Steel,White,m79360n-0002,Calibre MT5813,Smooth,Stainless Steel,Stainless Steel,,,Folding Clasp,Stainless Steel,$5 775,Indices,White,Sport,,,
TUD/BBC/YG,Tudor,Black Bay Chrono,41,Stainless Steel,Yellow Gold,m79363n-0001,Calibre MT5813,Smooth,Stainless Steel,Yellow Gold,,,Folding Clasp,Stainless Steel,$8 400,Indices,White,Sport,,,
TUD/BBC/BLK,Tudor,Black Bay Chrono,41,Stainless Steel,Black,m79363n-0007,Calibre MT5813,Smooth,Stainless Steel,Yellow Gold,,,Folding Clasp,Stainless Steel,$8 400,Indices,White,Sport,,,
TUD/BB58/BLK,Tudor,Black Bay 58,39,Stainless Steel,Black,m79030n-0001,Calibre MT5402,Smooth,Stainless Steel,Yellow Gold,,,Folding Clasp,Stainless Steel,$4 175,Indices,White,Sport,,,
TUD/BB58/BLU,Tudor,Black Bay 58,39,Stainless Steel,Blue,m79030b-0001,Calibre MT5402,Smooth,Stainless Steel,Stainless Steel,,,Folding Clasp,Stainless Steel,$4 175,Indices,White,Sport,,,
TUD/BB58/GRN,Tudor,Black Bay 58,39,Yellow Gold,Green,m79018v-0006,Calibre MT5400,Smooth,Yellow Gold,Rose Gold,,,Folding Clasp,Yellow Gold,$33 700,Indices,White,Sport,,,
TUD/BB58.GMT/ST,Tudor,Black Bay 58 GMT,39,Stainless Steel,Black,m7939g1a0nru-0001,Calibre MT5450-U,Smooth,Stainless Steel,Rose Gold,,,Folding Clasp,Stainless Steel,$4 775,Indices,White,Sport,,,
TUD/BB58.GMT/RBR,Tudor,Black Bay 58 GMT,39,Stainless Steel,Black,m7939g1a0nru-0002,Calibre MT5450-U,Smooth,Stainless Steel,Yellow Gold,,,Folding Clasp,Stainless Steel,$4 550,Indices,White,Sport,,,
TUD/BB.SG/YG,Tudor,Black Bay S&G,41,Yellow Rolesor,Yellow Gold,m79733n-0004,Calibre MT5612,Smooth,Yellow Rolesor,Yellow Gold,,,Folding Clasp,Stainless Steel,$6 300,Indices,White,Sport,,,
TUD/BB.SG/BLK,Tudor,Black Bay S&G,41,Yellow Rolesor,Black,m79733n-0008,Calibre MT5612,Smooth,Yellow Rolesor,Stainless Steel,,,Folding Clasp,Stainless Steel,$6 300,Indices,White,Sport,,,
TUD/BB/J/BLK,Tudor,Black Bay,41,Stainless Steel,Black,m7941a1a0nu-0003,Calibre MT5602-U,Smooth,Stainless Steel,Stainless Steel,,,Folding Clasp,Stainless Steel,$4 700,Indices,White,Sport,,,
TUD/BB/RBR/BLK,Tudor,Black Bay,41,Stainless Steel,Black,m7941a1a0nu-0002,Calibre MT5602-U,Smooth,Stainless Steel,Stainless Steel,,,Folding Clasp,Stainless Steel,$4 375,Indices,White,Sport,,,
TUD/BB/O/BLK,Tudor,Black Bay,41,Stainless Steel,Black,m79230g-0001,Calibre MT5602-U,Smooth,Stainless Steel,Stainless Steel,,,Folding Clasp,Stainless Steel,,Indices,White,Sport,,,
TUD/BB/RBR/RED,Tudor,Black Bay,41,Stainless Steel,Black,m7941a1a0ru-0002,Calibre MT5602-U,Smooth,Stainless Steel,Stainless Steel,,,Folding Clasp,Stainless Steel,$4 375,Indices,White,Sport,,,
TUD/BB/J/RED,Tudor,Black Bay,41,Stainless Steel,Black,m7941a1a0ru-0003,Calibre MT5602-U,Smooth,Stainless Steel,Stainless Steel,,,Folding Clasp,Stainless Steel,$4 700,Indices,White,Sport,,,
TUD/BB/O/RED,Tudor,Black Bay,41,Stainless Steel,Black,m7941a1a0ru-0001,Calibre MT5602-U,Smooth,Stainless Steel,Stainless Steel,,,Folding Clasp,Stainless Steel,$4 600,Indices,White,Sport,,,
TUD/BB/O/GRN,Tudor,Black Bay,41,Stainless Steel,Black,m79230b-0008,Calibre MT5602-U,Smooth,Stainless Steel,Stainless Steel,,,Folding Clasp,Stainless Steel,$4 725,Indices,White,Sport,,,
TUD/BBPRO,Tudor,Black Bay Pro,39,Stainless Steel,Black,m79470-0001,Calibre MT5652,Smooth,Stainless Steel,Black,,,Folding Clasp,Stainless Steel,$4 375,Indices,White,Sport,,,
PP/CLT/BLU,Patek Phillipe,Calatrava,40,White Gold,Black and Blue,6007G-011,26-330 S C/430,Smooth,White Gold,,,,Pinbuckle,White Gold,$39 240,Arabic Numerals,White Gold and White,Dress,Low-Medium,,
PP/CLT/YEL,Patek Phillipe,Calatrava,40,White Gold,Black and Yellow,6007G-001,26-330 S C/430,Smooth,White Gold,,,,Pinbuckle,White Gold,$39 240,Arabic Numerals,White Gold and White,Dress,Low-Medium,,
PP/CLT/RED,Patek Phillipe,Calatrava,40,White Gold,Black and Red,6007G-010,26-330 S C/430,Smooth,White Gold,,,,Pinbuckle,White Gold,$39 240,Arabic Numerals,White Gold and White,Dress,Low-Medium,,
PP/NTL/WG/BLU,Patek Phillipe,Nautilus,41,White Gold,Blue,5811/1G,26-330 S C/430,Smooth,White Gold,,,,Folding Clasp,White Gold,$72 230,Indices,White Gold and White,Dress,High,,
PP/NTL/RG/BRN,Patek Phillipe,Nautilus,40,Rose Gold,Brown,5712/1R,240 PS IRM C LU,Smooth,Rose Gold,,,,Folding Clasp,Rose Gold,$85 900,Indices,Rose Gold and White,Dress,High,,
PP/NTL/ST/GRY,Patek Phillipe,Nautilus,40.5,Stainless Steel,Gray,5726A,26-330 S QA LU 24H/441,Smooth,Stainless Steel,,,,Folding Clasp,Steel,$51 610,Indices,White Gold and White,Dress,High,,
PP/NTL/ST/BLU,Patek Phillipe,Nautilus,40.5,Stainless Steel,Blue,5726/1A,26-330 S QA LU 24H/441,Smooth,Stainless Steel,,,,Folding Clasp,Stainless Steel,$56 920,Indices,White Gold and White,Dress,High,,
PP/NTL.GMT/WG/BLU,Patek Phillipe,Nautilus,40.5,White Gold,Blue,5980/60G,CH 28-520 C/522,Smooth,White Gold,,,,Folding Clasp,White Gold,$78 950,Indices,White Gold and White,Dress,High,,
PP/NTL.TT/ST/GRY,Patek Phillipe,Nautilus,40.5,Stainless Steel,Gray,5990/1A,CH 28-520 C FUS,Smooth,Stainless Steel,,,,Folding Clasp,Stainless Steel,$69 640,Indices,White Gold and White,Dress,High,,
PP/NTL.TT/RG/BLU,Patek Phillipe,Nautilus,40.5,Rose Gold,Blue,5990/1R,CH 28-520 C FUS,Smooth,Rose Gold,,,,Folding Clasp,Rose Gold,$112 670,Indices,Rose Gold and White,Dress,High,,
PP/AQA/WG/BLU,Patek Phillipe,Aquanaut,42,White Gold,Blue,5168G,26-330 S C/430,Smooth,White Gold,,,,Folding Clasp,White Gold,$50 910,Arabic Numerals,White Gold and White,Dress,Medium,,
PP/AQ.D/WG/BLU,Patek Phillipe,Aquanaut,41,White Gold,Blue,5164G,26-330 S C FUS,Smooth,White Gold,,,,Folding Clasp,White Gold,$63 040,Arabic Numerals,White Gold and White,Dress,Medium,,
PP/AQA/ST/BLK,Patek Phillipe,Aquanaut,41,Stainless Steel,Black,5167A,26-330 S C/430,Smooth,Stainless Steel,,,,Folding Clasp,Stainless Steel,$24 750,Arabic Numerals,White Gold and White,Dress,Medium,,
BRT/NVT/ST/LB,Breitling,Navitimer,41,Stainless Steel,Light Blue,AB0139241C2A1,Breitling 01,Smooth,Stainless Steel,,,,Folding Clasp,Stainless Steel,$9 850,Indices,White Gold and White,Dress,,,
BRT/NVT/RG/BLK,Breitling,Navitimer,43,Rose Gold,Black,RB0138211B1R1,Breitling 01,Smooth,Rose Gold,,,,Folding Clasp,Stainless Steel,$39 700,Indices,Rose Gold and White,Dress,,,
BRT/SCM/44/RG/GRN,Breitling,Super Chronomat,44,Rose Gold,Green,RB01361A1L1S1,Breitling 01,Smooth,Rose Gold,White,,,Folding Clasp,Stainless Steel,$26 400,Indices,Rose Gold and White,Sport,,,
BRT/SCM/42/RG/GRN,Breitling,Super Chronomat,42,Rose Gold,Green,RB0134101L1S1,Breitling 01,Smooth,Rose Gold,Black,,,Folding Clasp,Stainless Steel,$23 000,Indices,Rose Gold and White,Sport,,,
BRT/CM/42/ST/GRN,Breitling,Chronomat,42,Stainless Steel,Green,UB0134131L1S1,Breitling 01,Smooth,Stainless Steel,Black,,,Folding Clasp,Stainless Steel,$9 500,Indices,Rose Gold and White,Sport,,,
BRT/CM/40/ST/GRN,Breitling,Chronomat,40,Stainless Steel,Green,A32398A11L1A1,Breitling 32,Smooth,Stainless Steel,Black,,,Folding Clasp,Stainless Steel,$6 150,Indices,White Gold and White,Dress,,,
BRT/CM.GMT/44/ST/BLU,Breitling,Chronomat GMT,44,Stainless Steel,Green,A32398101L1A1,Breitling 32,Smooth,Stainless Steel,Black,,,Folding Clasp,Stainless Steel,$6 150,Indices,White Gold and White,Dress,,,
BRT/CM.GMT/40/RG.SKL,Breitling,Chronomat GMT,40,Rose Gold,,RB19301A1G1S1,Breitling B19,Smooth,Rose Gold,Stainless Steel,,,Folding Clasp,Stainless Steel,$59 000,Indices,Rose Gold and White,Dress,,140th Anniversary,
BRT/CM6N/40/SCO,Breitling,Chronomat Six Nations GMT,40,Stainless Steel,Blue,A323986B1C1A1,Breitling 32,Smooth,Stainless Steel,Black,,,Folding Clasp,Stainless Steel,$6 150,Indices,White Gold and White,Sport,,2025 Scotland,
BRT/CM6N/40/WAL,Breitling,Chronomat Six Nations GMT,40,Stainless Steel,Red,A323988B1K1A1,Breitling 32,Smooth,Stainless Steel,Black,,,Folding Clasp,Stainless Steel,$6 150,Indices,White Gold and White,Sport,,2025 Wales,
BRT/CM6N/40/IRE,Breitling,Chronomat Six Nations GMT,40,Stainless Steel,Green,A323987B1L1A1,Breitling 32,Smooth,Stainless Steel,Black,,,Folding Clasp,Stainless Steel,$6 150,Indices,White Gold and White,Sport,,2025 Ireland,
BRT/CM6N/40/ITL,Breitling,Chronomat Six Nations GMT,40,Stainless Steel,Blue,A323981C1C1A1,Breitling 32,Smooth,Stainless Steel,Black,,,Folding Clasp,Stainless Steel,$6 150,Indices,White Gold and White,Sport,,2025 Italy,
BRT/CM6N.CHR/42/WAL,Breitling,Chronomat Six Nations Chronograph,42,Stainless Steel,Red,AB0134A61K1A1,Breitling 01,Smooth,Stainless Steel,Black,,,Folding Clasp,Stainless Steel,$8 950,Indices,White Gold and White,Sport,,2025 Wales,
BRT/CM6N.CHR/42/SCO,Breitling,Chronomat Six Nations Chronograph,42,Stainless Steel,Blue,AB0134A51C1A1,Breitling 01,Smooth,Stainless Steel,Black,,,Folding Clasp,Stainless Steel,$8 950,Indices,White Gold and White,Sport,,2025 Scotland,
BRT/CM6N.CHR/42/IRE,Breitling,Chronomat Six Nations Chronograph,42,Stainless Steel,Green,AB0134A91L1A1,Breitling 01,Smooth,Stainless Steel,Black,,,Folding Clasp,Stainless Steel,$8 950,Indices,White Gold and White,Sport,,2025 Ireland,
BRT/SO/44/BRNZ,Breitling,Superocean,44,Bronze,Blue,N173761A1C1S1,Breitling 17,Smooth,Bronze,White,,,Folding Clasp,Stainless Steel,$6 300,Indices,Bronze and White,dive,,Boutique,
BRT/SO/44/LB,Breitling,Superocean,44,Stainless Steel,Light Blue,A17376211L2S2,Breitling 17,Smooth,Stainless Steel,Stainless Steel,,,Folding Clasp,Stainless Steel,$5 250,Indices,White Gold and White,dive,,,
BRT/SO/42/RG/BLK,Breitling,Superocean,42,Rose Gold,Black,R17375211B1S1,Breitling 17,Smooth,Rose Gold,Rose Gold,,,Folding Clasp,Stainless Steel,$22 400,Indices,Rose Gold and White,dive,,,
BRT/SO/42/ST/WHT,Breitling,Superocean,42,Stainless Steel,White,A17375E71G1A1,Breitling 17,Smooth,Stainless Steel,Stainless Steel,,,Folding Clasp,Stainless Steel,$5 400,Indices,Blue and White,dive,,,
BRT/SO/42/ST/BLU,Breitling,Superocean,42,Stainless Steel,Blue,A17375E71C1S1,Breitling 17,Smooth,Stainless Steel,Stainless Steel,,,Folding Clasp,Stainless Steel,$5 200,Indices,White Gold and White,dive,,,